﻿Designator,Footprint,Quantity,Value,LCSC Part #
C1,C_0402,1,1uF,
C10,C_0603_,1,100nF,
C5,C_0402,1,100nF,
"C6, C7",C_0402,2,33pF,
C8,C_0603_,1,10uF 50V,C1591
C9,C_0603_,1,10uF 6.3V,C1691
D1,MHS190RGBCT,1,LED_BARG,C409798
J1,JST_EH_S5B-EH_1x05_P2.50mm_Horizontal,1,1x5,C225427
L2,L_4x4_,1,10uH,
Q3,SOT-323_SC-70,1,PMF250XNEX,C504047
R1,R_0402,1,300R,
R10,R_0402_,1,40k2,
R11,R_0402_,1,1M,
R2,R_0402,1,1K,
"R3, R7, R8",R_0402,3,100R,
R4,R_0402,1,10K,
R9,R_0402_,1,124k,
U1,ESP32-PICO-MINI-02,1,ESP32-PICO-MINI-02,C2980306
U3,SOT-23-6-MD8942,1,MD8942,C2684786
